{"cameraMode":{"drawMode":0,"name":"Shaded","section":"Shading Mode"},"sceneLighting":true,"audioPlay":false,"sceneViewState":{"showFog":true,"showMaterialUpdate":false,"showSkybox":true,"showFlares":true,"showImageEffects":true,"showParticleSystems":true},"in2DMode":false,"pivot":{"x":128.31146240234376,"y":42.1621208190918,"z":-9.3916015625},"rotation":{"x":-0.0634155124425888,"y":0.20308499038219453,"z":-0.013143890537321568,"w":-0.9770594239234924},"size":139.21127319335938,"orthographic":false}